,cores,total,per_pdb
commandline,commandline,0 days 00:28:05.539927,0 days 00:00:02.054123583
1core,1core,0 days 00:26:56.336767,0 days 00:00:02.270136
2core,2core,0 days 00:18:48.498055,0 days 00:00:01.584969
3core,3core,0 days 00:16:25.080633,0 days 00:00:01.383540
4core,4core,0 days 00:16:09.455482,0 days 00:00:01.361595
