,cores,total,per_pdb
commandline,commandline,0 days 00:27:24.960729,0 days 00:00:02.525018333
1core,1core,0 days 00:25:56.250869,0 days 00:00:02.149518
2core,2core,0 days 00:15:39.140855,0 days 00:00:01.297156
3core,3core,0 days 00:13:31.935125,0 days 00:00:01.121457
4core,4core,0 days 00:11:58.662547,0 days 00:00:00.992628
